id;version;name;revision;launcher_path;game_path;docs_path;props_names;updated
1;61389;deposit program empower;mission-critical extranet SSL;Virginia Tools JBOD;Credit;Operations Horizontal;XSS web-readiness;2022-08-09T23:34:15
2;89073;AI systematic;Programmable azure connecting;Customer withdrawal Soap;Home success AI;Algeria Supervisor navigating;partnerships Music;2022-08-10T06:45:42
3;59806;COM Shoes hack;e-services;bypass Cambridgeshire;Administrator Borders;Tuna methodologies Buckinghamshire;dynamic Refined asynchronous;2022-08-10T16:02:55
4;72953;Garden moderator Unbranded;Licensed Alabama;system Saint;capability capability;Frozen;copying;2022-08-10T18:01:20
5;43411;Metal Computer Ergonomic;Romania architecture SMTP;payment reinvent Savings;Gibraltar regional;Solutions;efficient transparent Libyan;2022-08-10T15:35:00
6;8275;invoice demand-driven incubate;Rubber help-desk;overriding;withdrawal;Wyoming THX parse;New fuchsia;2022-08-10T04:48:02
7;50495;e-business;deposit;user Kazakhstan infrastructures;Dynamic;pixel Awesome Ecuador;Wyoming invoice Integration;2022-08-10T09:30:46
8;32793;e-business;Bike Grocery RAM;metrics;Washington connect Frozen;systems;USB;2022-08-10T14:51:15
9;19367;Awesome;haptic Towels;Organized;Unbranded;Hampshire;Engineer;2022-08-10T01:41:15
10;68077;Pre-emptive;Specialist input;Spur;web Chicken;copying olive Sports;Auto primary metrics;2022-08-09T23:00:54
